STATION,NAME,DATE,DAY,MONTH,YEAR,TAVG,TMAX,TMIN
USW00024149,"LEWISTON NEZ PERCE CO AIRPORT, ID US",10/1/2017,1,10,2017,57,63,50
USW00024149,"LEWISTON NEZ PERCE CO AIRPORT, ID US",10/2/2017,2,10,2017,53,61,45
USW00024149,"LEWISTON NEZ PERCE CO AIRPORT, ID US",10/3/2017,3,10,2017,52,64,38
USW00024149,"LEWISTON NEZ PERCE CO AIRPORT, ID US",10/4/2017,4,10,2017,51,66,38
USW00024149,"LEWISTON NEZ PERCE CO AIRPORT, ID US",10/5/2017,5,10,2017,52,65,41
USW00024149,"LEWISTON NEZ PERCE CO AIRPORT, ID US",10/6/2017,6,10,2017,54,75,40
USW00024149,"LEWISTON NEZ PERCE CO AIRPORT, ID US",10/7/2017,7,10,2017,64,65,51
USW00024149,"LEWISTON NEZ PERCE CO AIRPORT, ID US",10/8/2017,8,10,2017,54,61,44
USW00024149,"LEWISTON NEZ PERCE CO AIRPORT, ID US",10/9/2017,9,10,2017,50,64,37
USW00024149,"LEWISTON NEZ PERCE CO AIRPORT, ID US",10/10/2017,10,10,2017,53,63,43
USW00024149,"LEWISTON NEZ PERCE CO AIRPORT, ID US",10/11/2017,11,10,2017,53,58,44
USW00024149,"LEWISTON NEZ PERCE CO AIRPORT, ID US",10/12/2017,12,10,2017,48,54,41
USW00024149,"LEWISTON NEZ PERCE CO AIRPORT, ID US",10/13/2017,13,10,2017,45,51,36
USW00024149,"LEWISTON NEZ PERCE CO AIRPORT, ID US",10/14/2017,14,10,2017,44,59,35
USW00024149,"LEWISTON NEZ PERCE CO AIRPORT, ID US",10/15/2017,15,10,2017,49,65,39
USW00024149,"LEWISTON NEZ PERCE CO AIRPORT, ID US",10/16/2017,16,10,2017,51,70,37
USW00024149,"LEWISTON NEZ PERCE CO AIRPORT, ID US",10/17/2017,17,10,2017,55,73,44
USW00024149,"LEWISTON NEZ PERCE CO AIRPORT, ID US",10/18/2017,18,10,2017,56,60,45
USW00024149,"LEWISTON NEZ PERCE CO AIRPORT, ID US",10/19/2017,19,10,2017,51,62,42
USW00024149,"LEWISTON NEZ PERCE CO AIRPORT, ID US",10/20/2017,20,10,2017,52,59,46
USW00024149,"LEWISTON NEZ PERCE CO AIRPORT, ID US",10/21/2017,21,10,2017,48,55,42
USW00024149,"LEWISTON NEZ PERCE CO AIRPORT, ID US",10/22/2017,22,10,2017,56,64,49
USW00024149,"LEWISTON NEZ PERCE CO AIRPORT, ID US",10/23/2017,23,10,2017,53,64,40
USW00024149,"LEWISTON NEZ PERCE CO AIRPORT, ID US",10/24/2017,24,10,2017,50,65,40
USW00024149,"LEWISTON NEZ PERCE CO AIRPORT, ID US",10/25/2017,25,10,2017,51,59,40
USW00024149,"LEWISTON NEZ PERCE CO AIRPORT, ID US",10/26/2017,26,10,2017,55,65,45
USW00024149,"LEWISTON NEZ PERCE CO AIRPORT, ID US",10/27/2017,27,10,2017,49,60,40
USW00024149,"LEWISTON NEZ PERCE CO AIRPORT, ID US",10/28/2017,28,10,2017,48,59,37
USW00024149,"LEWISTON NEZ PERCE CO AIRPORT, ID US",10/29/2017,29,10,2017,47,56,39
USW00024149,"LEWISTON NEZ PERCE CO AIRPORT, ID US",10/30/2017,30,10,2017,50,57,36
USW00024149,"LEWISTON NEZ PERCE CO AIRPORT, ID US",10/31/2017,31,10,2017,39,51,27
USW00024149,"LEWISTON NEZ PERCE CO AIRPORT, ID US",11/1/2017,1,11,2017,44,55,35
USW00024149,"LEWISTON NEZ PERCE CO AIRPORT, ID US",11/2/2017,2,11,2017,46,54,38
USW00024149,"LEWISTON NEZ PERCE CO AIRPORT, ID US",11/3/2017,3,11,2017,45,47,35
USW00024149,"LEWISTON NEZ PERCE CO AIRPORT, ID US",11/4/2017,4,11,2017,38,41,35
USW00024149,"LEWISTON NEZ PERCE CO AIRPORT, ID US",11/5/2017,5,11,2017,39,44,36
USW00024149,"LEWISTON NEZ PERCE CO AIRPORT, ID US",11/6/2017,6,11,2017,37,40,28
USW00024149,"LEWISTON NEZ PERCE CO AIRPORT, ID US",11/7/2017,7,11,2017,33,40,26
USW00024149,"LEWISTON NEZ PERCE CO AIRPORT, ID US",11/8/2017,8,11,2017,40,47,36
USW00024149,"LEWISTON NEZ PERCE CO AIRPORT, ID US",11/9/2017,9,11,2017,45,53,36
USW00024149,"LEWISTON NEZ PERCE CO AIRPORT, ID US",11/10/2017,10,11,2017,41,47,35
USW00024149,"LEWISTON NEZ PERCE CO AIRPORT, ID US",11/11/2017,11,11,2017,45,54,42
USW00024149,"LEWISTON NEZ PERCE CO AIRPORT, ID US",11/12/2017,12,11,2017,47,54,37
USW00024149,"LEWISTON NEZ PERCE CO AIRPORT, ID US",11/13/2017,13,11,2017,43,49,36
USW00024149,"LEWISTON NEZ PERCE CO AIRPORT, ID US",11/14/2017,14,11,2017,40,52,32
USW00024149,"LEWISTON NEZ PERCE CO AIRPORT, ID US",11/15/2017,15,11,2017,42,55,35
USW00024149,"LEWISTON NEZ PERCE CO AIRPORT, ID US",11/16/2017,16,11,2017,46,54,35
USW00024149,"LEWISTON NEZ PERCE CO AIRPORT, ID US",11/17/2017,17,11,2017,43,51,34
USW00024149,"LEWISTON NEZ PERCE CO AIRPORT, ID US",11/18/2017,18,11,2017,40,51,34
USW00024149,"LEWISTON NEZ PERCE CO AIRPORT, ID US",11/19/2017,19,11,2017,43,53,34
USW00024149,"LEWISTON NEZ PERCE CO AIRPORT, ID US",11/20/2017,20,11,2017,48,52,38
USW00024149,"LEWISTON NEZ PERCE CO AIRPORT, ID US",11/21/2017,21,11,2017,42,51,34
USW00024149,"LEWISTON NEZ PERCE CO AIRPORT, ID US",11/22/2017,22,11,2017,51,62,48
USW00024149,"LEWISTON NEZ PERCE CO AIRPORT, ID US",11/23/2017,23,11,2017,57,63,46
USW00024149,"LEWISTON NEZ PERCE CO AIRPORT, ID US",11/24/2017,24,11,2017,49,55,35
USW00024149,"LEWISTON NEZ PERCE CO AIRPORT, ID US",11/25/2017,25,11,2017,40,49,33
USW00024149,"LEWISTON NEZ PERCE CO AIRPORT, ID US",11/26/2017,26,11,2017,48,55,45
USW00024149,"LEWISTON NEZ PERCE CO AIRPORT, ID US",11/27/2017,27,11,2017,47,51,33
USW00024149,"LEWISTON NEZ PERCE CO AIRPORT, ID US",11/28/2017,28,11,2017,38,44,29
USW00024149,"LEWISTON NEZ PERCE CO AIRPORT, ID US",11/29/2017,29,11,2017,42,47,32
USW00024149,"LEWISTON NEZ PERCE CO AIRPORT, ID US",11/30/2017,30,11,2017,36,43,30
USW00024149,"LEWISTON NEZ PERCE CO AIRPORT, ID US",12/1/2017,1,12,2017,40,49,32
USW00024149,"LEWISTON NEZ PERCE CO AIRPORT, ID US",12/2/2017,2,12,2017,37,42,31
USW00024149,"LEWISTON NEZ PERCE CO AIRPORT, ID US",12/3/2017,3,12,2017,39,42,35
USW00024149,"LEWISTON NEZ PERCE CO AIRPORT, ID US",12/4/2017,4,12,2017,36,43,28
USW00024149,"LEWISTON NEZ PERCE CO AIRPORT, ID US",12/5/2017,5,12,2017,31,39,24
USW00024149,"LEWISTON NEZ PERCE CO AIRPORT, ID US",12/6/2017,6,12,2017,29,38,21
USW00024149,"LEWISTON NEZ PERCE CO AIRPORT, ID US",12/7/2017,7,12,2017,27,34,22
USW00024149,"LEWISTON NEZ PERCE CO AIRPORT, ID US",12/8/2017,8,12,2017,28,28,27
USW00024149,"LEWISTON NEZ PERCE CO AIRPORT, ID US",12/9/2017,9,12,2017,28,31,25
USW00024149,"LEWISTON NEZ PERCE CO AIRPORT, ID US",12/10/2017,10,12,2017,29,34,23
USW00024149,"LEWISTON NEZ PERCE CO AIRPORT, ID US",12/11/2017,11,12,2017,27,30,23
USW00024149,"LEWISTON NEZ PERCE CO AIRPORT, ID US",12/12/2017,12,12,2017,29,31,27
USW00024149,"LEWISTON NEZ PERCE CO AIRPORT, ID US",12/13/2017,13,12,2017,30,33,27
USW00024149,"LEWISTON NEZ PERCE CO AIRPORT, ID US",12/14/2017,14,12,2017,32,34,24
USW00024149,"LEWISTON NEZ PERCE CO AIRPORT, ID US",12/15/2017,15,12,2017,29,32,25
USW00024149,"LEWISTON NEZ PERCE CO AIRPORT, ID US",12/16/2017,16,12,2017,30,32,23
USW00024149,"LEWISTON NEZ PERCE CO AIRPORT, ID US",12/17/2017,17,12,2017,29,43,27
USW00024149,"LEWISTON NEZ PERCE CO AIRPORT, ID US",12/18/2017,18,12,2017,43,50,40
USW00024149,"LEWISTON NEZ PERCE CO AIRPORT, ID US",12/19/2017,19,12,2017,43,47,39
USW00024149,"LEWISTON NEZ PERCE CO AIRPORT, ID US",12/20/2017,20,12,2017,41,43,30
USW00024149,"LEWISTON NEZ PERCE CO AIRPORT, ID US",12/21/2017,21,12,2017,34,39,29
USW00024149,"LEWISTON NEZ PERCE CO AIRPORT, ID US",12/22/2017,22,12,2017,32,33,30
USW00024149,"LEWISTON NEZ PERCE CO AIRPORT, ID US",12/23/2017,23,12,2017,29,31,14
USW00024149,"LEWISTON NEZ PERCE CO AIRPORT, ID US",12/24/2017,24,12,2017,16,19,8
USW00024149,"LEWISTON NEZ PERCE CO AIRPORT, ID US",12/25/2017,25,12,2017,20,23,19
USW00024149,"LEWISTON NEZ PERCE CO AIRPORT, ID US",12/26/2017,26,12,2017,23,25,16
USW00024149,"LEWISTON NEZ PERCE CO AIRPORT, ID US",12/27/2017,27,12,2017,23,27,22
USW00024149,"LEWISTON NEZ PERCE CO AIRPORT, ID US",12/28/2017,28,12,2017,27,33,26
USW00024149,"LEWISTON NEZ PERCE CO AIRPORT, ID US",12/29/2017,29,12,2017,33,48,33
USW00024149,"LEWISTON NEZ PERCE CO AIRPORT, ID US",12/30/2017,30,12,2017,42,51,33
USW00024149,"LEWISTON NEZ PERCE CO AIRPORT, ID US",12/31/2017,31,12,2017,33,34,25
USW00024149,"LEWISTON NEZ PERCE CO AIRPORT, ID US",1/1/2018,1,1,2018,29,31,28
USW00024149,"LEWISTON NEZ PERCE CO AIRPORT, ID US",1/2/2018,2,1,2018,30,30,28
USW00024149,"LEWISTON NEZ PERCE CO AIRPORT, ID US",1/3/2018,3,1,2018,31,36,27
USW00024149,"LEWISTON NEZ PERCE CO AIRPORT, ID US",1/4/2018,4,1,2018,30,33,28
USW00024149,"LEWISTON NEZ PERCE CO AIRPORT, ID US",1/5/2018,5,1,2018,35,44,32
USW00024149,"LEWISTON NEZ PERCE CO AIRPORT, ID US",1/6/2018,6,1,2018,38,42,35
USW00024149,"LEWISTON NEZ PERCE CO AIRPORT, ID US",1/7/2018,7,1,2018,38,45,36
USW00024149,"LEWISTON NEZ PERCE CO AIRPORT, ID US",1/8/2018,8,1,2018,45,53,39
USW00024149,"LEWISTON NEZ PERCE CO AIRPORT, ID US",1/9/2018,9,1,2018,45,47,42
USW00024149,"LEWISTON NEZ PERCE CO AIRPORT, ID US",1/10/2018,10,1,2018,43,49,35
USW00024149,"LEWISTON NEZ PERCE CO AIRPORT, ID US",1/11/2018,11,1,2018,38,43,35
USW00024149,"LEWISTON NEZ PERCE CO AIRPORT, ID US",1/12/2018,12,1,2018,42,48,40
USW00024149,"LEWISTON NEZ PERCE CO AIRPORT, ID US",1/13/2018,13,1,2018,44,50,39
USW00024149,"LEWISTON NEZ PERCE CO AIRPORT, ID US",1/14/2018,14,1,2018,44,51,37
USW00024149,"LEWISTON NEZ PERCE CO AIRPORT, ID US",1/15/2018,15,1,2018,41,50,32
USW00024149,"LEWISTON NEZ PERCE CO AIRPORT, ID US",1/16/2018,16,1,2018,42,48,35
USW00024149,"LEWISTON NEZ PERCE CO AIRPORT, ID US",1/17/2018,17,1,2018,41,52,35
USW00024149,"LEWISTON NEZ PERCE CO AIRPORT, ID US",1/18/2018,18,1,2018,45,51,36
USW00024149,"LEWISTON NEZ PERCE CO AIRPORT, ID US",1/19/2018,19,1,2018,39,43,34
USW00024149,"LEWISTON NEZ PERCE CO AIRPORT, ID US",1/20/2018,20,1,2018,36,43,30
USW00024149,"LEWISTON NEZ PERCE CO AIRPORT, ID US",1/21/2018,21,1,2018,37,44,32
USW00024149,"LEWISTON NEZ PERCE CO AIRPORT, ID US",1/22/2018,22,1,2018,42,48,31
USW00024149,"LEWISTON NEZ PERCE CO AIRPORT, ID US",1/23/2018,23,1,2018,38,44,29
USW00024149,"LEWISTON NEZ PERCE CO AIRPORT, ID US",1/24/2018,24,1,2018,43,49,40
USW00024149,"LEWISTON NEZ PERCE CO AIRPORT, ID US",1/25/2018,25,1,2018,42,47,36
USW00024149,"LEWISTON NEZ PERCE CO AIRPORT, ID US",1/26/2018,26,1,2018,39,46,33
USW00024149,"LEWISTON NEZ PERCE CO AIRPORT, ID US",1/27/2018,27,1,2018,42,50,37
USW00024149,"LEWISTON NEZ PERCE CO AIRPORT, ID US",1/28/2018,28,1,2018,46,50,41
USW00024149,"LEWISTON NEZ PERCE CO AIRPORT, ID US",1/29/2018,29,1,2018,50,58,44
USW00024149,"LEWISTON NEZ PERCE CO AIRPORT, ID US",1/30/2018,30,1,2018,51,53,33
USW00024149,"LEWISTON NEZ PERCE CO AIRPORT, ID US",1/31/2018,31,1,2018,38,44,31
USW00024149,"LEWISTON NEZ PERCE CO AIRPORT, ID US",2/1/2018,1,2,2018,35,43,29
USW00024149,"LEWISTON NEZ PERCE CO AIRPORT, ID US",2/2/2018,2,2,2018,42,50,40
USW00024149,"LEWISTON NEZ PERCE CO AIRPORT, ID US",2/3/2018,3,2,2018,49,61,43
USW00024149,"LEWISTON NEZ PERCE CO AIRPORT, ID US",2/4/2018,4,2,2018,53,61,48
USW00024149,"LEWISTON NEZ PERCE CO AIRPORT, ID US",2/5/2018,5,2,2018,53,54,47
USW00024149,"LEWISTON NEZ PERCE CO AIRPORT, ID US",2/6/2018,6,2,2018,49,54,42
USW00024149,"LEWISTON NEZ PERCE CO AIRPORT, ID US",2/7/2018,7,2,2018,48,61,41
USW00024149,"LEWISTON NEZ PERCE CO AIRPORT, ID US",2/8/2018,8,2,2018,52,63,45
USW00024149,"LEWISTON NEZ PERCE CO AIRPORT, ID US",2/9/2018,9,2,2018,49,50,38
USW00024149,"LEWISTON NEZ PERCE CO AIRPORT, ID US",2/10/2018,10,2,2018,38,44,27
USW00024149,"LEWISTON NEZ PERCE CO AIRPORT, ID US",2/11/2018,11,2,2018,32,42,25
USW00024149,"LEWISTON NEZ PERCE CO AIRPORT, ID US",2/12/2018,12,2,2018,33,37,23
USW00024149,"LEWISTON NEZ PERCE CO AIRPORT, ID US",2/13/2018,13,2,2018,29,48,20
USW00024149,"LEWISTON NEZ PERCE CO AIRPORT, ID US",2/14/2018,14,2,2018,40,47,34
USW00024149,"LEWISTON NEZ PERCE CO AIRPORT, ID US",2/15/2018,15,2,2018,37,46,30
USW00024149,"LEWISTON NEZ PERCE CO AIRPORT, ID US",2/16/2018,16,2,2018,38,49,32
USW00024149,"LEWISTON NEZ PERCE CO AIRPORT, ID US",2/17/2018,17,2,2018,43,51,37
USW00024149,"LEWISTON NEZ PERCE CO AIRPORT, ID US",2/18/2018,18,2,2018,43,44,29
USW00024149,"LEWISTON NEZ PERCE CO AIRPORT, ID US",2/19/2018,19,2,2018,26,29,14
USW00024149,"LEWISTON NEZ PERCE CO AIRPORT, ID US",2/20/2018,20,2,2018,19,29,11
USW00024149,"LEWISTON NEZ PERCE CO AIRPORT, ID US",2/21/2018,21,2,2018,25,33,17
USW00024149,"LEWISTON NEZ PERCE CO AIRPORT, ID US",2/22/2018,22,2,2018,27,31,22
USW00024149,"LEWISTON NEZ PERCE CO AIRPORT, ID US",2/23/2018,23,2,2018,29,36,26
USW00024149,"LEWISTON NEZ PERCE CO AIRPORT, ID US",2/24/2018,24,2,2018,31,39,27
USW00024149,"LEWISTON NEZ PERCE CO AIRPORT, ID US",2/25/2018,25,2,2018,36,44,29
USW00024149,"LEWISTON NEZ PERCE CO AIRPORT, ID US",2/26/2018,26,2,2018,36,44,26
USW00024149,"LEWISTON NEZ PERCE CO AIRPORT, ID US",2/27/2018,27,2,2018,32,43,24
USW00024149,"LEWISTON NEZ PERCE CO AIRPORT, ID US",2/28/2018,28,2,2018,40,49,33
USW00024149,"LEWISTON NEZ PERCE CO AIRPORT, ID US",3/1/2018,1,3,2018,44,56,35
USW00024149,"LEWISTON NEZ PERCE CO AIRPORT, ID US",3/2/2018,2,3,2018,40,48,31
USW00024149,"LEWISTON NEZ PERCE CO AIRPORT, ID US",3/3/2018,3,3,2018,36,48,27
USW00024149,"LEWISTON NEZ PERCE CO AIRPORT, ID US",3/4/2018,4,3,2018,39,49,30
USW00024149,"LEWISTON NEZ PERCE CO AIRPORT, ID US",3/5/2018,5,3,2018,40,49,36
USW00024149,"LEWISTON NEZ PERCE CO AIRPORT, ID US",3/6/2018,6,3,2018,41,53,30
USW00024149,"LEWISTON NEZ PERCE CO AIRPORT, ID US",3/7/2018,7,3,2018,42,59,29
USW00024149,"LEWISTON NEZ PERCE CO AIRPORT, ID US",3/8/2018,8,3,2018,51,64,43
USW00024149,"LEWISTON NEZ PERCE CO AIRPORT, ID US",3/9/2018,9,3,2018,51,55,36
USW00024149,"LEWISTON NEZ PERCE CO AIRPORT, ID US",3/10/2018,10,3,2018,42,56,30
USW00024149,"LEWISTON NEZ PERCE CO AIRPORT, ID US",3/11/2018,11,3,2018,44,60,34
USW00024149,"LEWISTON NEZ PERCE CO AIRPORT, ID US",3/12/2018,12,3,2018,47,67,34
USW00024149,"LEWISTON NEZ PERCE CO AIRPORT, ID US",3/13/2018,13,3,2018,53,72,41
USW00024149,"LEWISTON NEZ PERCE CO AIRPORT, ID US",3/14/2018,14,3,2018,51,51,45
USW00024149,"LEWISTON NEZ PERCE CO AIRPORT, ID US",3/15/2018,15,3,2018,45,50,37
USW00024149,"LEWISTON NEZ PERCE CO AIRPORT, ID US",3/16/2018,16,3,2018,41,56,31
USW00024149,"LEWISTON NEZ PERCE CO AIRPORT, ID US",3/17/2018,17,3,2018,44,45,39
USW00024149,"LEWISTON NEZ PERCE CO AIRPORT, ID US",3/18/2018,18,3,2018,42,50,34
USW00024149,"LEWISTON NEZ PERCE CO AIRPORT, ID US",3/19/2018,19,3,2018,40,53,31
USW00024149,"LEWISTON NEZ PERCE CO AIRPORT, ID US",3/20/2018,20,3,2018,43,59,31
USW00024149,"LEWISTON NEZ PERCE CO AIRPORT, ID US",3/21/2018,21,3,2018,48,60,39
USW00024149,"LEWISTON NEZ PERCE CO AIRPORT, ID US",3/22/2018,22,3,2018,51,57,42
USW00024149,"LEWISTON NEZ PERCE CO AIRPORT, ID US",3/23/2018,23,3,2018,44,55,36
USW00024149,"LEWISTON NEZ PERCE CO AIRPORT, ID US",3/24/2018,24,3,2018,42,52,33
USW00024149,"LEWISTON NEZ PERCE CO AIRPORT, ID US",3/25/2018,25,3,2018,40,52,28
USW00024149,"LEWISTON NEZ PERCE CO AIRPORT, ID US",3/26/2018,26,3,2018,42,53,34
USW00024149,"LEWISTON NEZ PERCE CO AIRPORT, ID US",3/27/2018,27,3,2018,47,58,40
USW00024149,"LEWISTON NEZ PERCE CO AIRPORT, ID US",3/28/2018,28,3,2018,53,59,41
USW00024149,"LEWISTON NEZ PERCE CO AIRPORT, ID US",3/29/2018,29,3,2018,47,60,35
USW00024149,"LEWISTON NEZ PERCE CO AIRPORT, ID US",3/30/2018,30,3,2018,51,65,40
USW00024149,"LEWISTON NEZ PERCE CO AIRPORT, ID US",3/31/2018,31,3,2018,52,59,37
USW00024149,"LEWISTON NEZ PERCE CO AIRPORT, ID US",4/1/2018,1,4,2018,45,54,35
USW00024149,"LEWISTON NEZ PERCE CO AIRPORT, ID US",4/2/2018,2,4,2018,41,50,32
USW00024149,"LEWISTON NEZ PERCE CO AIRPORT, ID US",4/3/2018,3,4,2018,44,57,35
USW00024149,"LEWISTON NEZ PERCE CO AIRPORT, ID US",4/4/2018,4,4,2018,47,52,42
USW00024149,"LEWISTON NEZ PERCE CO AIRPORT, ID US",4/5/2018,5,4,2018,48,54,45
USW00024149,"LEWISTON NEZ PERCE CO AIRPORT, ID US",4/6/2018,6,4,2018,53,65,49
USW00024149,"LEWISTON NEZ PERCE CO AIRPORT, ID US",4/7/2018,7,4,2018,53,57,47
USW00024149,"LEWISTON NEZ PERCE CO AIRPORT, ID US",4/8/2018,8,4,2018,51,54,46
USW00024149,"LEWISTON NEZ PERCE CO AIRPORT, ID US",4/9/2018,9,4,2018,53,65,44
USW00024149,"LEWISTON NEZ PERCE CO AIRPORT, ID US",4/10/2018,10,4,2018,53,61,46
USW00024149,"LEWISTON NEZ PERCE CO AIRPORT, ID US",4/11/2018,11,4,2018,53,63,46
USW00024149,"LEWISTON NEZ PERCE CO AIRPORT, ID US",4/12/2018,12,4,2018,50,57,42
USW00024149,"LEWISTON NEZ PERCE CO AIRPORT, ID US",4/13/2018,13,4,2018,47,56,36
USW00024149,"LEWISTON NEZ PERCE CO AIRPORT, ID US",4/14/2018,14,4,2018,52,61,44
USW00024149,"LEWISTON NEZ PERCE CO AIRPORT, ID US",4/15/2018,15,4,2018,53,62,46
USW00024149,"LEWISTON NEZ PERCE CO AIRPORT, ID US",4/16/2018,16,4,2018,51,54,42
USW00024149,"LEWISTON NEZ PERCE CO AIRPORT, ID US",4/17/2018,17,4,2018,47,57,40
USW00024149,"LEWISTON NEZ PERCE CO AIRPORT, ID US",4/18/2018,18,4,2018,47,63,34
USW00024149,"LEWISTON NEZ PERCE CO AIRPORT, ID US",4/19/2018,19,4,2018,53,66,39
USW00024149,"LEWISTON NEZ PERCE CO AIRPORT, ID US",4/20/2018,20,4,2018,54,69,38
USW00024149,"LEWISTON NEZ PERCE CO AIRPORT, ID US",4/21/2018,21,4,2018,57,64,45
USW00024149,"LEWISTON NEZ PERCE CO AIRPORT, ID US",4/22/2018,22,4,2018,51,61,34
USW00024149,"LEWISTON NEZ PERCE CO AIRPORT, ID US",4/23/2018,23,4,2018,51,68,37
USW00024149,"LEWISTON NEZ PERCE CO AIRPORT, ID US",4/24/2018,24,4,2018,57,76,40
USW00024149,"LEWISTON NEZ PERCE CO AIRPORT, ID US",4/25/2018,25,4,2018,63,78,48
USW00024149,"LEWISTON NEZ PERCE CO AIRPORT, ID US",4/26/2018,26,4,2018,62,83,45
USW00024149,"LEWISTON NEZ PERCE CO AIRPORT, ID US",4/27/2018,27,4,2018,67,90,49
USW00024149,"LEWISTON NEZ PERCE CO AIRPORT, ID US",4/28/2018,28,4,2018,60,59,47
USW00024149,"LEWISTON NEZ PERCE CO AIRPORT, ID US",4/29/2018,29,4,2018,52,63,44
USW00024149,"LEWISTON NEZ PERCE CO AIRPORT, ID US",4/30/2018,30,4,2018,53,66,43
USW00024149,"LEWISTON NEZ PERCE CO AIRPORT, ID US",5/1/2018,1,5,2018,55,66,48
USW00024149,"LEWISTON NEZ PERCE CO AIRPORT, ID US",5/2/2018,2,5,2018,56,72,43
USW00024149,"LEWISTON NEZ PERCE CO AIRPORT, ID US",5/3/2018,3,5,2018,62,80,47
USW00024149,"LEWISTON NEZ PERCE CO AIRPORT, ID US",5/4/2018,4,5,2018,66,81,53
USW00024149,"LEWISTON NEZ PERCE CO AIRPORT, ID US",5/5/2018,5,5,2018,65,77,55
USW00024149,"LEWISTON NEZ PERCE CO AIRPORT, ID US",5/6/2018,6,5,2018,68,79,56
USW00024149,"LEWISTON NEZ PERCE CO AIRPORT, ID US",5/7/2018,7,5,2018,61,73,55
USW00024149,"LEWISTON NEZ PERCE CO AIRPORT, ID US",5/8/2018,8,5,2018,66,82,52
USW00024149,"LEWISTON NEZ PERCE CO AIRPORT, ID US",5/9/2018,9,5,2018,66,69,50
USW00024149,"LEWISTON NEZ PERCE CO AIRPORT, ID US",5/10/2018,10,5,2018,56,62,49
USW00024149,"LEWISTON NEZ PERCE CO AIRPORT, ID US",5/11/2018,11,5,2018,53,60,48
USW00024149,"LEWISTON NEZ PERCE CO AIRPORT, ID US",5/12/2018,12,5,2018,56,79,43
USW00024149,"LEWISTON NEZ PERCE CO AIRPORT, ID US",5/13/2018,13,5,2018,66,84,49
USW00024149,"LEWISTON NEZ PERCE CO AIRPORT, ID US",5/14/2018,14,5,2018,69,87,51
USW00024149,"LEWISTON NEZ PERCE CO AIRPORT, ID US",5/15/2018,15,5,2018,72,90,55
USW00024149,"LEWISTON NEZ PERCE CO AIRPORT, ID US",5/16/2018,16,5,2018,69,72,58
USW00024149,"LEWISTON NEZ PERCE CO AIRPORT, ID US",5/17/2018,17,5,2018,62,71,58
USW00024149,"LEWISTON NEZ PERCE CO AIRPORT, ID US",5/18/2018,18,5,2018,63,71,57
USW00024149,"LEWISTON NEZ PERCE CO AIRPORT, ID US",5/19/2018,19,5,2018,64,78,54
USW00024149,"LEWISTON NEZ PERCE CO AIRPORT, ID US",5/20/2018,20,5,2018,65,77,54
USW00024149,"LEWISTON NEZ PERCE CO AIRPORT, ID US",5/21/2018,21,5,2018,67,80,60
USW00024149,"LEWISTON NEZ PERCE CO AIRPORT, ID US",5/22/2018,22,5,2018,70,87,55
USW00024149,"LEWISTON NEZ PERCE CO AIRPORT, ID US",5/23/2018,23,5,2018,70,78,60
USW00024149,"LEWISTON NEZ PERCE CO AIRPORT, ID US",5/24/2018,24,5,2018,71,81,62
USW00024149,"LEWISTON NEZ PERCE CO AIRPORT, ID US",5/25/2018,25,5,2018,70,85,58
USW00024149,"LEWISTON NEZ PERCE CO AIRPORT, ID US",5/26/2018,26,5,2018,66,71,54
USW00024149,"LEWISTON NEZ PERCE CO AIRPORT, ID US",5/27/2018,27,5,2018,63,80,50
USW00024149,"LEWISTON NEZ PERCE CO AIRPORT, ID US",5/28/2018,28,5,2018,69,86,54
USW00024149,"LEWISTON NEZ PERCE CO AIRPORT, ID US",5/29/2018,29,5,2018,68,78,56
USW00024149,"LEWISTON NEZ PERCE CO AIRPORT, ID US",5/30/2018,30,5,2018,63,70,52
USW00024149,"LEWISTON NEZ PERCE CO AIRPORT, ID US",5/31/2018,31,5,2018,60,69,52
USW00024149,"LEWISTON NEZ PERCE CO AIRPORT, ID US",6/1/2018,1,6,2018,59,72,51
USW00024149,"LEWISTON NEZ PERCE CO AIRPORT, ID US",6/2/2018,2,6,2018,63,84,47
USW00024149,"LEWISTON NEZ PERCE CO AIRPORT, ID US",6/3/2018,3,6,2018,72,90,56
USW00024149,"LEWISTON NEZ PERCE CO AIRPORT, ID US",6/4/2018,4,6,2018,69,76,54
USW00024149,"LEWISTON NEZ PERCE CO AIRPORT, ID US",6/5/2018,5,6,2018,62,77,46
USW00024149,"LEWISTON NEZ PERCE CO AIRPORT, ID US",6/6/2018,6,6,2018,66,84,50
USW00024149,"LEWISTON NEZ PERCE CO AIRPORT, ID US",6/7/2018,7,6,2018,71,85,57
USW00024149,"LEWISTON NEZ PERCE CO AIRPORT, ID US",6/8/2018,8,6,2018,71,87,56
USW00024149,"LEWISTON NEZ PERCE CO AIRPORT, ID US",6/9/2018,9,6,2018,65,65,53
USW00024149,"LEWISTON NEZ PERCE CO AIRPORT, ID US",6/10/2018,10,6,2018,56,65,51
USW00024149,"LEWISTON NEZ PERCE CO AIRPORT, ID US",6/11/2018,11,6,2018,57,70,49
USW00024149,"LEWISTON NEZ PERCE CO AIRPORT, ID US",6/12/2018,12,6,2018,60,78,45
USW00024149,"LEWISTON NEZ PERCE CO AIRPORT, ID US",6/13/2018,13,6,2018,69,83,57
USW00024149,"LEWISTON NEZ PERCE CO AIRPORT, ID US",6/14/2018,14,6,2018,66,74,54
USW00024149,"LEWISTON NEZ PERCE CO AIRPORT, ID US",6/15/2018,15,6,2018,64,79,49
USW00024149,"LEWISTON NEZ PERCE CO AIRPORT, ID US",6/16/2018,16,6,2018,64,69,51
USW00024149,"LEWISTON NEZ PERCE CO AIRPORT, ID US",6/17/2018,17,6,2018,60,77,52
USW00024149,"LEWISTON NEZ PERCE CO AIRPORT, ID US",6/18/2018,18,6,2018,65,68,60
USW00024149,"LEWISTON NEZ PERCE CO AIRPORT, ID US",6/19/2018,19,6,2018,67,81,62
USW00024149,"LEWISTON NEZ PERCE CO AIRPORT, ID US",6/20/2018,20,6,2018,72,88,59
USW00024149,"LEWISTON NEZ PERCE CO AIRPORT, ID US",6/21/2018,21,6,2018,75,82,66
USW00024149,"LEWISTON NEZ PERCE CO AIRPORT, ID US",6/22/2018,22,6,2018,74,86,60
USW00024149,"LEWISTON NEZ PERCE CO AIRPORT, ID US",6/23/2018,23,6,2018,73,82,60
USW00024149,"LEWISTON NEZ PERCE CO AIRPORT, ID US",6/24/2018,24,6,2018,72,89,56
USW00024149,"LEWISTON NEZ PERCE CO AIRPORT, ID US",6/25/2018,25,6,2018,76,83,63
USW00024149,"LEWISTON NEZ PERCE CO AIRPORT, ID US",6/26/2018,26,6,2018,68,78,51
USW00024149,"LEWISTON NEZ PERCE CO AIRPORT, ID US",6/27/2018,27,6,2018,67,85,51
USW00024149,"LEWISTON NEZ PERCE CO AIRPORT, ID US",6/28/2018,28,6,2018,71,77,62
USW00024149,"LEWISTON NEZ PERCE CO AIRPORT, ID US",6/29/2018,29,6,2018,69,80,60
USW00024149,"LEWISTON NEZ PERCE CO AIRPORT, ID US",6/30/2018,30,6,2018,69,83,55
USW00024149,"LEWISTON NEZ PERCE CO AIRPORT, ID US",7/1/2018,1,7,2018,73,84,64
USW00024149,"LEWISTON NEZ PERCE CO AIRPORT, ID US",7/2/2018,2,7,2018,69,74,55
USW00024149,"LEWISTON NEZ PERCE CO AIRPORT, ID US",7/3/2018,3,7,2018,62,74,52
USW00024149,"LEWISTON NEZ PERCE CO AIRPORT, ID US",7/4/2018,4,7,2018,64,86,49
USW00024149,"LEWISTON NEZ PERCE CO AIRPORT, ID US",7/5/2018,5,7,2018,74,96,56
USW00024149,"LEWISTON NEZ PERCE CO AIRPORT, ID US",7/6/2018,6,7,2018,80,91,61
USW00024149,"LEWISTON NEZ PERCE CO AIRPORT, ID US",7/7/2018,7,7,2018,77,87,61
USW00024149,"LEWISTON NEZ PERCE CO AIRPORT, ID US",7/8/2018,8,7,2018,73,92,55
USW00024149,"LEWISTON NEZ PERCE CO AIRPORT, ID US",7/9/2018,9,7,2018,78,97,60
USW00024149,"LEWISTON NEZ PERCE CO AIRPORT, ID US",7/10/2018,10,7,2018,79,86,65
USW00024149,"LEWISTON NEZ PERCE CO AIRPORT, ID US",7/11/2018,11,7,2018,73,89,59
USW00024149,"LEWISTON NEZ PERCE CO AIRPORT, ID US",7/12/2018,12,7,2018,77,94,60
USW00024149,"LEWISTON NEZ PERCE CO AIRPORT, ID US",7/13/2018,13,7,2018,81,102,65
USW00024149,"LEWISTON NEZ PERCE CO AIRPORT, ID US",7/14/2018,14,7,2018,85,97,67
USW00024149,"LEWISTON NEZ PERCE CO AIRPORT, ID US",7/15/2018,15,7,2018,80,96,60
USW00024149,"LEWISTON NEZ PERCE CO AIRPORT, ID US",7/16/2018,16,7,2018,78,98,62
USW00024149,"LEWISTON NEZ PERCE CO AIRPORT, ID US",7/17/2018,17,7,2018,81,102,63
USW00024149,"LEWISTON NEZ PERCE CO AIRPORT, ID US",7/18/2018,18,7,2018,83,97,64
USW00024149,"LEWISTON NEZ PERCE CO AIRPORT, ID US",7/19/2018,19,7,2018,80,94,62
USW00024149,"LEWISTON NEZ PERCE CO AIRPORT, ID US",7/20/2018,20,7,2018,76,88,57
USW00024149,"LEWISTON NEZ PERCE CO AIRPORT, ID US",7/21/2018,21,7,2018,72,86,52
USW00024149,"LEWISTON NEZ PERCE CO AIRPORT, ID US",7/22/2018,22,7,2018,73,91,55
USW00024149,"LEWISTON NEZ PERCE CO AIRPORT, ID US",7/23/2018,23,7,2018,78,98,59
USW00024149,"LEWISTON NEZ PERCE CO AIRPORT, ID US",7/24/2018,24,7,2018,82,101,63
USW00024149,"LEWISTON NEZ PERCE CO AIRPORT, ID US",7/25/2018,25,7,2018,83,101,63
USW00024149,"LEWISTON NEZ PERCE CO AIRPORT, ID US",7/26/2018,26,7,2018,83,100,64
USW00024149,"LEWISTON NEZ PERCE CO AIRPORT, ID US",7/27/2018,27,7,2018,83,100,65
USW00024149,"LEWISTON NEZ PERCE CO AIRPORT, ID US",7/28/2018,28,7,2018,84,99,65
USW00024149,"LEWISTON NEZ PERCE CO AIRPORT, ID US",7/29/2018,29,7,2018,83,100,66
USW00024149,"LEWISTON NEZ PERCE CO AIRPORT, ID US",7/30/2018,30,7,2018,84,103,66
USW00024149,"LEWISTON NEZ PERCE CO AIRPORT, ID US",7/31/2018,31,7,2018,84,99,71
USW00024149,"LEWISTON NEZ PERCE CO AIRPORT, ID US",8/1/2018,1,8,2018,85,99,71
USW00024149,"LEWISTON NEZ PERCE CO AIRPORT, ID US",8/2/2018,2,8,2018,80,95,60
USW00024149,"LEWISTON NEZ PERCE CO AIRPORT, ID US",8/3/2018,3,8,2018,76,85,60
USW00024149,"LEWISTON NEZ PERCE CO AIRPORT, ID US",8/4/2018,4,8,2018,72,89,57
USW00024149,"LEWISTON NEZ PERCE CO AIRPORT, ID US",8/5/2018,5,8,2018,76,92,61
USW00024149,"LEWISTON NEZ PERCE CO AIRPORT, ID US",8/6/2018,6,8,2018,78,97,62
USW00024149,"LEWISTON NEZ PERCE CO AIRPORT, ID US",8/7/2018,7,8,2018,80,98,60
USW00024149,"LEWISTON NEZ PERCE CO AIRPORT, ID US",8/8/2018,8,8,2018,83,105,65
USW00024149,"LEWISTON NEZ PERCE CO AIRPORT, ID US",8/9/2018,9,8,2018,87,111,71
USW00024149,"LEWISTON NEZ PERCE CO AIRPORT, ID US",8/10/2018,10,8,2018,90,108,72
USW00024149,"LEWISTON NEZ PERCE CO AIRPORT, ID US",8/11/2018,11,8,2018,86,93,69
USW00024149,"LEWISTON NEZ PERCE CO AIRPORT, ID US",8/12/2018,12,8,2018,75,84,59
USW00024149,"LEWISTON NEZ PERCE CO AIRPORT, ID US",8/13/2018,13,8,2018,71,87,56
USW00024149,"LEWISTON NEZ PERCE CO AIRPORT, ID US",8/14/2018,14,8,2018,73,94,57
USW00024149,"LEWISTON NEZ PERCE CO AIRPORT, ID US",8/15/2018,15,8,2018,76,97,58
USW00024149,"LEWISTON NEZ PERCE CO AIRPORT, ID US",8/16/2018,16,8,2018,81,100,67
USW00024149,"LEWISTON NEZ PERCE CO AIRPORT, ID US",8/17/2018,17,8,2018,84,93,72
USW00024149,"LEWISTON NEZ PERCE CO AIRPORT, ID US",8/18/2018,18,8,2018,79,91,63
USW00024149,"LEWISTON NEZ PERCE CO AIRPORT, ID US",8/19/2018,19,8,2018,77,97,60
USW00024149,"LEWISTON NEZ PERCE CO AIRPORT, ID US",8/20/2018,20,8,2018,80,84,62
USW00024149,"LEWISTON NEZ PERCE CO AIRPORT, ID US",8/21/2018,21,8,2018,70,86,55
USW00024149,"LEWISTON NEZ PERCE CO AIRPORT, ID US",8/22/2018,22,8,2018,74,90,60
USW00024149,"LEWISTON NEZ PERCE CO AIRPORT, ID US",8/23/2018,23,8,2018,76,91,59
USW00024149,"LEWISTON NEZ PERCE CO AIRPORT, ID US",8/24/2018,24,8,2018,74,80,57
USW00024149,"LEWISTON NEZ PERCE CO AIRPORT, ID US",8/25/2018,25,8,2018,65,78,49
USW00024149,"LEWISTON NEZ PERCE CO AIRPORT, ID US",8/26/2018,26,8,2018,66,68,57
USW00024149,"LEWISTON NEZ PERCE CO AIRPORT, ID US",8/27/2018,27,8,2018,59,67,52
USW00024149,"LEWISTON NEZ PERCE CO AIRPORT, ID US",8/28/2018,28,8,2018,60,80,50
USW00024149,"LEWISTON NEZ PERCE CO AIRPORT, ID US",8/29/2018,29,8,2018,68,90,54
USW00024149,"LEWISTON NEZ PERCE CO AIRPORT, ID US",8/30/2018,30,8,2018,73,81,64
USW00024149,"LEWISTON NEZ PERCE CO AIRPORT, ID US",8/31/2018,31,8,2018,71,79,59
USW00024149,"LEWISTON NEZ PERCE CO AIRPORT, ID US",9/1/2018,1,9,2018,65,81,51
USW00024149,"LEWISTON NEZ PERCE CO AIRPORT, ID US",9/2/2018,2,9,2018,66,84,49
USW00024149,"LEWISTON NEZ PERCE CO AIRPORT, ID US",9/3/2018,3,9,2018,69,83,52
USW00024149,"LEWISTON NEZ PERCE CO AIRPORT, ID US",9/4/2018,4,9,2018,67,85,53
USW00024149,"LEWISTON NEZ PERCE CO AIRPORT, ID US",9/5/2018,5,9,2018,69,89,53
USW00024149,"LEWISTON NEZ PERCE CO AIRPORT, ID US",9/6/2018,6,9,2018,74,92,58
USW00024149,"LEWISTON NEZ PERCE CO AIRPORT, ID US",9/7/2018,7,9,2018,75,92,58
USW00024149,"LEWISTON NEZ PERCE CO AIRPORT, ID US",9/8/2018,8,9,2018,75,82,59
USW00024149,"LEWISTON NEZ PERCE CO AIRPORT, ID US",9/9/2018,9,9,2018,67,82,52
USW00024149,"LEWISTON NEZ PERCE CO AIRPORT, ID US",9/10/2018,10,9,2018,67,80,52
USW00024149,"LEWISTON NEZ PERCE CO AIRPORT, ID US",9/11/2018,11,9,2018,63,71,50
USW00024149,"LEWISTON NEZ PERCE CO AIRPORT, ID US",9/12/2018,12,9,2018,58,73,46
USW00024149,"LEWISTON NEZ PERCE CO AIRPORT, ID US",9/13/2018,13,9,2018,57,67,48
USW00024149,"LEWISTON NEZ PERCE CO AIRPORT, ID US",9/14/2018,14,9,2018,57,77,45
USW00024149,"LEWISTON NEZ PERCE CO AIRPORT, ID US",9/15/2018,15,9,2018,61,72,46
USW00024149,"LEWISTON NEZ PERCE CO AIRPORT, ID US",9/16/2018,16,9,2018,62,75,50
USW00024149,"LEWISTON NEZ PERCE CO AIRPORT, ID US",9/17/2018,17,9,2018,61,72,51
USW00024149,"LEWISTON NEZ PERCE CO AIRPORT, ID US",9/18/2018,18,9,2018,61,74,50
USW00024149,"LEWISTON NEZ PERCE CO AIRPORT, ID US",9/19/2018,19,9,2018,59,75,42
USW00024149,"LEWISTON NEZ PERCE CO AIRPORT, ID US",9/20/2018,20,9,2018,61,73,46
USW00024149,"LEWISTON NEZ PERCE CO AIRPORT, ID US",9/21/2018,21,9,2018,61,81,46
USW00024149,"LEWISTON NEZ PERCE CO AIRPORT, ID US",9/22/2018,22,9,2018,65,72,57
USW00024149,"LEWISTON NEZ PERCE CO AIRPORT, ID US",9/23/2018,23,9,2018,62,69,49
USW00024149,"LEWISTON NEZ PERCE CO AIRPORT, ID US",9/24/2018,24,9,2018,56,71,45
USW00024149,"LEWISTON NEZ PERCE CO AIRPORT, ID US",9/25/2018,25,9,2018,57,74,43
USW00024149,"LEWISTON NEZ PERCE CO AIRPORT, ID US",9/26/2018,26,9,2018,59,77,44
USW00024149,"LEWISTON NEZ PERCE CO AIRPORT, ID US",9/27/2018,27,9,2018,62,81,47
USW00024149,"LEWISTON NEZ PERCE CO AIRPORT, ID US",9/28/2018,28,9,2018,65,80,51
USW00024149,"LEWISTON NEZ PERCE CO AIRPORT, ID US",9/29/2018,29,9,2018,63,78,48
USW00024149,"LEWISTON NEZ PERCE CO AIRPORT, ID US",9/30/2018,30,9,2018,60,65,46
USW00024149,"LEWISTON NEZ PERCE CO AIRPORT, ID US",10/1/2018,1,10,2018,55,73,45
USW00024149,"LEWISTON NEZ PERCE CO AIRPORT, ID US",10/2/2018,2,10,2018,61,66,54
USW00024149,"LEWISTON NEZ PERCE CO AIRPORT, ID US",10/3/2018,3,10,2018,55,64,37
USW00024149,"LEWISTON NEZ PERCE CO AIRPORT, ID US",10/4/2018,4,10,2018,52,60,44
USW00024149,"LEWISTON NEZ PERCE CO AIRPORT, ID US",10/5/2018,5,10,2018,49,61,35
USW00024149,"LEWISTON NEZ PERCE CO AIRPORT, ID US",10/6/2018,6,10,2018,52,53,47
USW00024149,"LEWISTON NEZ PERCE CO AIRPORT, ID US",10/7/2018,7,10,2018,52,64,44
USW00024149,"LEWISTON NEZ PERCE CO AIRPORT, ID US",10/8/2018,8,10,2018,52,63,45
USW00024149,"LEWISTON NEZ PERCE CO AIRPORT, ID US",10/9/2018,9,10,2018,52,53,49
USW00024149,"LEWISTON NEZ PERCE CO AIRPORT, ID US",10/10/2018,10,10,2018,52,59,42
USW00024149,"LEWISTON NEZ PERCE CO AIRPORT, ID US",10/11/2018,11,10,2018,48,63,35
USW00024149,"LEWISTON NEZ PERCE CO AIRPORT, ID US",10/12/2018,12,10,2018,51,69,40
USW00024149,"LEWISTON NEZ PERCE CO AIRPORT, ID US",10/13/2018,13,10,2018,54,61,37
USW00024149,"LEWISTON NEZ PERCE CO AIRPORT, ID US",10/14/2018,14,10,2018,44,60,31
USW00024149,"LEWISTON NEZ PERCE CO AIRPORT, ID US",10/15/2018,15,10,2018,45,62,33
USW00024149,"LEWISTON NEZ PERCE CO AIRPORT, ID US",10/16/2018,16,10,2018,47,65,34
USW00024149,"LEWISTON NEZ PERCE CO AIRPORT, ID US",10/17/2018,17,10,2018,49,65,35
USW00024149,"LEWISTON NEZ PERCE CO AIRPORT, ID US",10/18/2018,18,10,2018,50,66,37
USW00024149,"LEWISTON NEZ PERCE CO AIRPORT, ID US",10/19/2018,19,10,2018,52,68,37
USW00024149,"LEWISTON NEZ PERCE CO AIRPORT, ID US",10/20/2018,20,10,2018,53,70,38
USW00024149,"LEWISTON NEZ PERCE CO AIRPORT, ID US",10/21/2018,21,10,2018,53,68,39
USW00024149,"LEWISTON NEZ PERCE CO AIRPORT, ID US",10/22/2018,22,10,2018,52,68,39
USW00024149,"LEWISTON NEZ PERCE CO AIRPORT, ID US",10/23/2018,23,10,2018,52,63,41
USW00024149,"LEWISTON NEZ PERCE CO AIRPORT, ID US",10/24/2018,24,10,2018,54,66,46
USW00024149,"LEWISTON NEZ PERCE CO AIRPORT, ID US",10/25/2018,25,10,2018,53,61,44
USW00024149,"LEWISTON NEZ PERCE CO AIRPORT, ID US",10/26/2018,26,10,2018,55,62,52
USW00024149,"LEWISTON NEZ PERCE CO AIRPORT, ID US",10/27/2018,27,10,2018,57,65,48
USW00024149,"LEWISTON NEZ PERCE CO AIRPORT, ID US",10/28/2018,28,10,2018,55,58,46
USW00024149,"LEWISTON NEZ PERCE CO AIRPORT, ID US",10/29/2018,29,10,2018,50,58,40
USW00024149,"LEWISTON NEZ PERCE CO AIRPORT, ID US",10/30/2018,30,10,2018,47,58,39
USW00024149,"LEWISTON NEZ PERCE CO AIRPORT, ID US",10/31/2018,31,10,2018,48,53,42
USW00024149,"LEWISTON NEZ PERCE CO AIRPORT, ID US",11/1/2018,1,11,2018,49,53,47
USW00024149,"LEWISTON NEZ PERCE CO AIRPORT, ID US",11/2/2018,2,11,2018,54,67,48
USW00024149,"LEWISTON NEZ PERCE CO AIRPORT, ID US",11/3/2018,3,11,2018,53,58,47
USW00024149,"LEWISTON NEZ PERCE CO AIRPORT, ID US",11/4/2018,4,11,2018,53,66,47
USW00024149,"LEWISTON NEZ PERCE CO AIRPORT, ID US",11/5/2018,5,11,2018,52,55,46
USW00024149,"LEWISTON NEZ PERCE CO AIRPORT, ID US",11/6/2018,6,11,2018,49,56,44
USW00024149,"LEWISTON NEZ PERCE CO AIRPORT, ID US",11/7/2018,7,11,2018,45,51,35
USW00024149,"LEWISTON NEZ PERCE CO AIRPORT, ID US",11/8/2018,8,11,2018,38,48,27
USW00024149,"LEWISTON NEZ PERCE CO AIRPORT, ID US",11/9/2018,9,11,2018,34,41,27
USW00024149,"LEWISTON NEZ PERCE CO AIRPORT, ID US",11/10/2018,10,11,2018,35,44,27
USW00024149,"LEWISTON NEZ PERCE CO AIRPORT, ID US",11/11/2018,11,11,2018,34,43,26
USW00024149,"LEWISTON NEZ PERCE CO AIRPORT, ID US",11/12/2018,12,11,2018,33,43,24
USW00024149,"LEWISTON NEZ PERCE CO AIRPORT, ID US",11/13/2018,13,11,2018,36,47,27
USW00024149,"LEWISTON NEZ PERCE CO AIRPORT, ID US",11/14/2018,14,11,2018,37,53,28
USW00024149,"LEWISTON NEZ PERCE CO AIRPORT, ID US",11/15/2018,15,11,2018,46,55,37
USW00024149,"LEWISTON NEZ PERCE CO AIRPORT, ID US",11/16/2018,16,11,2018,46,52,36
USW00024149,"LEWISTON NEZ PERCE CO AIRPORT, ID US",11/17/2018,17,11,2018,37,42,30
USW00024149,"LEWISTON NEZ PERCE CO AIRPORT, ID US",11/18/2018,18,11,2018,32,41,25
USW00024149,"LEWISTON NEZ PERCE CO AIRPORT, ID US",11/19/2018,19,11,2018,34,47,27
USW00024149,"LEWISTON NEZ PERCE CO AIRPORT, ID US",11/20/2018,20,11,2018,36,47,27
USW00024149,"LEWISTON NEZ PERCE CO AIRPORT, ID US",11/21/2018,21,11,2018,37,47,30
USW00024149,"LEWISTON NEZ PERCE CO AIRPORT, ID US",11/22/2018,22,11,2018,44,50,39
USW00024149,"LEWISTON NEZ PERCE CO AIRPORT, ID US",11/23/2018,23,11,2018,48,55,39
USW00024149,"LEWISTON NEZ PERCE CO AIRPORT, ID US",11/24/2018,24,11,2018,44,50,35
USW00024149,"LEWISTON NEZ PERCE CO AIRPORT, ID US",11/25/2018,25,11,2018,39,48,31
USW00024149,"LEWISTON NEZ PERCE CO AIRPORT, ID US",11/26/2018,26,11,2018,41,50,31
USW00024149,"LEWISTON NEZ PERCE CO AIRPORT, ID US",11/27/2018,27,11,2018,44,48,40
USW00024149,"LEWISTON NEZ PERCE CO AIRPORT, ID US",11/28/2018,28,11,2018,47,55,41
USW00024149,"LEWISTON NEZ PERCE CO AIRPORT, ID US",11/29/2018,29,11,2018,44,51,34
USW00024149,"LEWISTON NEZ PERCE CO AIRPORT, ID US",11/30/2018,30,11,2018,38,39,32
USW00024149,"LEWISTON NEZ PERCE CO AIRPORT, ID US",12/1/2018,1,12,2018,36,38,33
USW00024149,"LEWISTON NEZ PERCE CO AIRPORT, ID US",12/2/2018,2,12,2018,37,40,35
USW00024149,"LEWISTON NEZ PERCE CO AIRPORT, ID US",12/3/2018,3,12,2018,37,43,28
USW00024149,"LEWISTON NEZ PERCE CO AIRPORT, ID US",12/4/2018,4,12,2018,33,40,24
USW00024149,"LEWISTON NEZ PERCE CO AIRPORT, ID US",12/5/2018,5,12,2018,29,35,19
USW00024149,"LEWISTON NEZ PERCE CO AIRPORT, ID US",12/6/2018,6,12,2018,25,32,19
USW00024149,"LEWISTON NEZ PERCE CO AIRPORT, ID US",12/7/2018,7,12,2018,23,31,16
USW00024149,"LEWISTON NEZ PERCE CO AIRPORT, ID US",12/8/2018,8,12,2018,24,29,22
USW00024149,"LEWISTON NEZ PERCE CO AIRPORT, ID US",12/9/2018,9,12,2018,31,43,22
USW00024149,"LEWISTON NEZ PERCE CO AIRPORT, ID US",12/10/2018,10,12,2018,37,39,32
USW00024149,"LEWISTON NEZ PERCE CO AIRPORT, ID US",12/11/2018,11,12,2018,36,46,31
USW00024149,"LEWISTON NEZ PERCE CO AIRPORT, ID US",12/12/2018,12,12,2018,44,49,35
USW00024149,"LEWISTON NEZ PERCE CO AIRPORT, ID US",12/13/2018,13,12,2018,42,48,33
USW00024149,"LEWISTON NEZ PERCE CO AIRPORT, ID US",12/14/2018,14,12,2018,38,48,35
USW00024149,"LEWISTON NEZ PERCE CO AIRPORT, ID US",12/15/2018,15,12,2018,46,,40
USW00024149,"LEWISTON NEZ PERCE CO AIRPORT, ID US",12/16/2018,16,12,2018,51,52,44
USW00024149,"LEWISTON NEZ PERCE CO AIRPORT, ID US",12/17/2018,17,12,2018,46,48,41
USW00024149,"LEWISTON NEZ PERCE CO AIRPORT, ID US",12/18/2018,18,12,2018,44,51,41
USW00024149,"LEWISTON NEZ PERCE CO AIRPORT, ID US",12/19/2018,19,12,2018,47,52,38
USW00024149,"LEWISTON NEZ PERCE CO AIRPORT, ID US",12/20/2018,20,12,2018,44,53,40
USW00024149,"LEWISTON NEZ PERCE CO AIRPORT, ID US",12/21/2018,21,12,2018,43,45,35
USW00024149,"LEWISTON NEZ PERCE CO AIRPORT, ID US",12/22/2018,22,12,2018,36,42,27
USW00024149,"LEWISTON NEZ PERCE CO AIRPORT, ID US",12/23/2018,23,12,2018,40,46,36
USW00024149,"LEWISTON NEZ PERCE CO AIRPORT, ID US",12/24/2018,24,12,2018,40,41,36
USW00024149,"LEWISTON NEZ PERCE CO AIRPORT, ID US",12/25/2018,25,12,2018,37,38,34
USW00024149,"LEWISTON NEZ PERCE CO AIRPORT, ID US",12/26/2018,26,12,2018,35,39,32
USW00024149,"LEWISTON NEZ PERCE CO AIRPORT, ID US",12/27/2018,27,12,2018,34,36,32
USW00024149,"LEWISTON NEZ PERCE CO AIRPORT, ID US",12/28/2018,28,12,2018,33,37,30
USW00024149,"LEWISTON NEZ PERCE CO AIRPORT, ID US",12/29/2018,29,12,2018,36,50,33
USW00024149,"LEWISTON NEZ PERCE CO AIRPORT, ID US",12/30/2018,30,12,2018,45,47,30
USW00024149,"LEWISTON NEZ PERCE CO AIRPORT, ID US",12/31/2018,31,12,2018,33,38,21
USW00024149,"LEWISTON NEZ PERCE CO AIRPORT, ID US",1/1/2019,1,1,2019,27,34,21
USW00024149,"LEWISTON NEZ PERCE CO AIRPORT, ID US",1/2/2019,2,1,2019,32,41,23
USW00024149,"LEWISTON NEZ PERCE CO AIRPORT, ID US",1/3/2019,3,1,2019,41,44,39
USW00024149,"LEWISTON NEZ PERCE CO AIRPORT, ID US",1/4/2019,4,1,2019,43,46,38
USW00024149,"LEWISTON NEZ PERCE CO AIRPORT, ID US",1/5/2019,5,1,2019,42,48,36
USW00024149,"LEWISTON NEZ PERCE CO AIRPORT, ID US",1/6/2019,6,1,2019,44,50,36
USW00024149,"LEWISTON NEZ PERCE CO AIRPORT, ID US",1/7/2019,7,1,2019,40,47,28
USW00024149,"LEWISTON NEZ PERCE CO AIRPORT, ID US",1/8/2019,8,1,2019,33,39,27
USW00024149,"LEWISTON NEZ PERCE CO AIRPORT, ID US",1/9/2019,9,1,2019,41,50,37
USW00024149,"LEWISTON NEZ PERCE CO AIRPORT, ID US",1/10/2019,10,1,2019,44,49,34
USW00024149,"LEWISTON NEZ PERCE CO AIRPORT, ID US",1/11/2019,11,1,2019,39,50,32
USW00024149,"LEWISTON NEZ PERCE CO AIRPORT, ID US",1/12/2019,12,1,2019,39,49,30
USW00024149,"LEWISTON NEZ PERCE CO AIRPORT, ID US",1/13/2019,13,1,2019,33,40,23
USW00024149,"LEWISTON NEZ PERCE CO AIRPORT, ID US",1/14/2019,14,1,2019,29,31,26
USW00024149,"LEWISTON NEZ PERCE CO AIRPORT, ID US",1/15/2019,15,1,2019,27,31,24
USW00024149,"LEWISTON NEZ PERCE CO AIRPORT, ID US",1/16/2019,16,1,2019,27,37,22
USW00024149,"LEWISTON NEZ PERCE CO AIRPORT, ID US",1/17/2019,17,1,2019,35,40,34
USW00024149,"LEWISTON NEZ PERCE CO AIRPORT, ID US",1/18/2019,18,1,2019,39,49,33
USW00024149,"LEWISTON NEZ PERCE CO AIRPORT, ID US",1/19/2019,19,1,2019,45,50,40
USW00024149,"LEWISTON NEZ PERCE CO AIRPORT, ID US",1/20/2019,20,1,2019,41,41,36
USW00024149,"LEWISTON NEZ PERCE CO AIRPORT, ID US",1/21/2019,21,1,2019,38,42,31
USW00024149,"LEWISTON NEZ PERCE CO AIRPORT, ID US",1/22/2019,22,1,2019,35,40,29
USW00024149,"LEWISTON NEZ PERCE CO AIRPORT, ID US",1/23/2019,23,1,2019,42,52,32
USW00024149,"LEWISTON NEZ PERCE CO AIRPORT, ID US",1/24/2019,24,1,2019,36,45,32
USW00024149,"LEWISTON NEZ PERCE CO AIRPORT, ID US",1/25/2019,25,1,2019,36,42,32
USW00024149,"LEWISTON NEZ PERCE CO AIRPORT, ID US",1/26/2019,26,1,2019,37,47,29
USW00024149,"LEWISTON NEZ PERCE CO AIRPORT, ID US",1/27/2019,27,1,2019,38,47,30
USW00024149,"LEWISTON NEZ PERCE CO AIRPORT, ID US",1/28/2019,28,1,2019,34,36,29
USW00024149,"LEWISTON NEZ PERCE CO AIRPORT, ID US",1/29/2019,29,1,2019,33,36,30
USW00024149,"LEWISTON NEZ PERCE CO AIRPORT, ID US",1/30/2019,30,1,2019,32,38,27
USW00024149,"LEWISTON NEZ PERCE CO AIRPORT, ID US",1/31/2019,31,1,2019,32,47,28
USW00024149,"LEWISTON NEZ PERCE CO AIRPORT, ID US",2/1/2019,1,2,2019,43,50,37
USW00024149,"LEWISTON NEZ PERCE CO AIRPORT, ID US",2/2/2019,2,2,2019,46,53,40
USW00024149,"LEWISTON NEZ PERCE CO AIRPORT, ID US",2/3/2019,3,2,2019,44,45,33
USW00024149,"LEWISTON NEZ PERCE CO AIRPORT, ID US",2/4/2019,4,2,2019,37,43,28
USW00024149,"LEWISTON NEZ PERCE CO AIRPORT, ID US",2/5/2019,5,2,2019,29,30,24
USW00024149,"LEWISTON NEZ PERCE CO AIRPORT, ID US",2/6/2019,6,2,2019,24,27,14
USW00024149,"LEWISTON NEZ PERCE CO AIRPORT, ID US",2/7/2019,7,2,2019,19,28,12
USW00024149,"LEWISTON NEZ PERCE CO AIRPORT, ID US",2/8/2019,8,2,2019,26,34,22
USW00024149,"LEWISTON NEZ PERCE CO AIRPORT, ID US",2/9/2019,9,2,2019,33,42,27
USW00024149,"LEWISTON NEZ PERCE CO AIRPORT, ID US",2/10/2019,10,2,2019,25,28,17
USW00024149,"LEWISTON NEZ PERCE CO AIRPORT, ID US",2/11/2019,11,2,2019,23,34,21
USW00024149,"LEWISTON NEZ PERCE CO AIRPORT, ID US",2/12/2019,12,2,2019,37,44,34
USW00024149,"LEWISTON NEZ PERCE CO AIRPORT, ID US",2/13/2019,13,2,2019,37,40,32
USW00024149,"LEWISTON NEZ PERCE CO AIRPORT, ID US",2/14/2019,14,2,2019,34,40,29
USW00024149,"LEWISTON NEZ PERCE CO AIRPORT, ID US",2/15/2019,15,2,2019,36,41,27
USW00024149,"LEWISTON NEZ PERCE CO AIRPORT, ID US",2/16/2019,16,2,2019,32,37,27
USW00024149,"LEWISTON NEZ PERCE CO AIRPORT, ID US",2/17/2019,17,2,2019,34,35,29
USW00024149,"LEWISTON NEZ PERCE CO AIRPORT, ID US",2/18/2019,18,2,2019,27,30,19
USW00024149,"LEWISTON NEZ PERCE CO AIRPORT, ID US",2/19/2019,19,2,2019,26,29,24
USW00024149,"LEWISTON NEZ PERCE CO AIRPORT, ID US",2/20/2019,20,2,2019,28,30,26
USW00024149,"LEWISTON NEZ PERCE CO AIRPORT, ID US",2/21/2019,21,2,2019,27,30,21
USW00024149,"LEWISTON NEZ PERCE CO AIRPORT, ID US",2/22/2019,22,2,2019,23,31,17
USW00024149,"LEWISTON NEZ PERCE CO AIRPORT, ID US",2/23/2019,23,2,2019,29,36,23
USW00024149,"LEWISTON NEZ PERCE CO AIRPORT, ID US",2/24/2019,24,2,2019,31,32,27
USW00024149,"LEWISTON NEZ PERCE CO AIRPORT, ID US",2/25/2019,25,2,2019,29,30,24
USW00024149,"LEWISTON NEZ PERCE CO AIRPORT, ID US",2/26/2019,26,2,2019,25,27,19
USW00024149,"LEWISTON NEZ PERCE CO AIRPORT, ID US",2/27/2019,27,2,2019,24,30,20
USW00024149,"LEWISTON NEZ PERCE CO AIRPORT, ID US",2/28/2019,28,2,2019,27,32,17
USW00024149,"LEWISTON NEZ PERCE CO AIRPORT, ID US",3/1/2019,1,3,2019,23,32,16
USW00024149,"LEWISTON NEZ PERCE CO AIRPORT, ID US",3/2/2019,2,3,2019,26,31,22
USW00024149,"LEWISTON NEZ PERCE CO AIRPORT, ID US",3/3/2019,3,3,2019,25,27,11
USW00024149,"LEWISTON NEZ PERCE CO AIRPORT, ID US",3/4/2019,4,3,2019,16,27,9
USW00024149,"LEWISTON NEZ PERCE CO AIRPORT, ID US",3/5/2019,5,3,2019,18,31,10
USW00024149,"LEWISTON NEZ PERCE CO AIRPORT, ID US",3/6/2019,6,3,2019,26,37,22
USW00024149,"LEWISTON NEZ PERCE CO AIRPORT, ID US",3/7/2019,7,3,2019,32,40,24
USW00024149,"LEWISTON NEZ PERCE CO AIRPORT, ID US",3/8/2019,8,3,2019,30,38,24
USW00024149,"LEWISTON NEZ PERCE CO AIRPORT, ID US",3/9/2019,9,3,2019,29,39,19
USW00024149,"LEWISTON NEZ PERCE CO AIRPORT, ID US",3/10/2019,10,3,2019,25,35,16
USW00024149,"LEWISTON NEZ PERCE CO AIRPORT, ID US",3/11/2019,11,3,2019,25,40,16
USW00024149,"LEWISTON NEZ PERCE CO AIRPORT, ID US",3/12/2019,12,3,2019,35,40,32
USW00024149,"LEWISTON NEZ PERCE CO AIRPORT, ID US",3/13/2019,13,3,2019,39,43,27
USW00024149,"LEWISTON NEZ PERCE CO AIRPORT, ID US",3/14/2019,14,3,2019,33,46,22
USW00024149,"LEWISTON NEZ PERCE CO AIRPORT, ID US",3/15/2019,15,3,2019,38,51,30
USW00024149,"LEWISTON NEZ PERCE CO AIRPORT, ID US",3/16/2019,16,3,2019,41,53,32
USW00024149,"LEWISTON NEZ PERCE CO AIRPORT, ID US",3/17/2019,17,3,2019,41,53,31
USW00024149,"LEWISTON NEZ PERCE CO AIRPORT, ID US",3/18/2019,18,3,2019,41,55,30
USW00024149,"LEWISTON NEZ PERCE CO AIRPORT, ID US",3/19/2019,19,3,2019,45,61,33
USW00024149,"LEWISTON NEZ PERCE CO AIRPORT, ID US",3/20/2019,20,3,2019,48,65,34
USW00024149,"LEWISTON NEZ PERCE CO AIRPORT, ID US",3/21/2019,21,3,2019,49,64,35
USW00024149,"LEWISTON NEZ PERCE CO AIRPORT, ID US",3/22/2019,22,3,2019,48,63,36
USW00024149,"LEWISTON NEZ PERCE CO AIRPORT, ID US",3/23/2019,23,3,2019,52,61,43
USW00024149,"LEWISTON NEZ PERCE CO AIRPORT, ID US",3/24/2019,24,3,2019,49,51,39
USW00024149,"LEWISTON NEZ PERCE CO AIRPORT, ID US",3/25/2019,25,3,2019,47,61,36
USW00024149,"LEWISTON NEZ PERCE CO AIRPORT, ID US",3/26/2019,26,3,2019,52,57,42
USW00024149,"LEWISTON NEZ PERCE CO AIRPORT, ID US",3/27/2019,27,3,2019,46,50,37
USW00024149,"LEWISTON NEZ PERCE CO AIRPORT, ID US",3/28/2019,28,3,2019,47,51,45
USW00024149,"LEWISTON NEZ PERCE CO AIRPORT, ID US",3/29/2019,29,3,2019,47,57,40
USW00024149,"LEWISTON NEZ PERCE CO AIRPORT, ID US",3/30/2019,30,3,2019,46,60,35
USW00024149,"LEWISTON NEZ PERCE CO AIRPORT, ID US",3/31/2019,31,3,2019,49,65,37
USW00024149,"LEWISTON NEZ PERCE CO AIRPORT, ID US",4/1/2019,1,4,2019,51,67,38
USW00024149,"LEWISTON NEZ PERCE CO AIRPORT, ID US",4/2/2019,2,4,2019,54,68,41
USW00024149,"LEWISTON NEZ PERCE CO AIRPORT, ID US",4/3/2019,3,4,2019,58,62,50
USW00024149,"LEWISTON NEZ PERCE CO AIRPORT, ID US",4/4/2019,4,4,2019,55,62,48
USW00024149,"LEWISTON NEZ PERCE CO AIRPORT, ID US",4/5/2019,5,4,2019,54,63,47
USW00024149,"LEWISTON NEZ PERCE CO AIRPORT, ID US",4/6/2019,6,4,2019,50,54,40
USW00024149,"LEWISTON NEZ PERCE CO AIRPORT, ID US",4/7/2019,7,4,2019,51,58,46
USW00024149,"LEWISTON NEZ PERCE CO AIRPORT, ID US",4/8/2019,8,4,2019,51,57,47
USW00024149,"LEWISTON NEZ PERCE CO AIRPORT, ID US",4/9/2019,9,4,2019,51,54,48
USW00024149,"LEWISTON NEZ PERCE CO AIRPORT, ID US",4/10/2019,10,4,2019,51,59,43
USW00024149,"LEWISTON NEZ PERCE CO AIRPORT, ID US",4/11/2019,11,4,2019,48,53,44
USW00024149,"LEWISTON NEZ PERCE CO AIRPORT, ID US",4/12/2019,12,4,2019,47,58,43
USW00024149,"LEWISTON NEZ PERCE CO AIRPORT, ID US",4/13/2019,13,4,2019,50,59,44
USW00024149,"LEWISTON NEZ PERCE CO AIRPORT, ID US",4/14/2019,14,4,2019,47,53,40
USW00024149,"LEWISTON NEZ PERCE CO AIRPORT, ID US",4/15/2019,15,4,2019,45,59,36
USW00024149,"LEWISTON NEZ PERCE CO AIRPORT, ID US",4/16/2019,16,4,2019,51,58,45
USW00024149,"LEWISTON NEZ PERCE CO AIRPORT, ID US",4/17/2019,17,4,2019,54,64,46
USW00024149,"LEWISTON NEZ PERCE CO AIRPORT, ID US",4/18/2019,18,4,2019,56,76,43
USW00024149,"LEWISTON NEZ PERCE CO AIRPORT, ID US",4/19/2019,19,4,2019,64,78,53
USW00024149,"LEWISTON NEZ PERCE CO AIRPORT, ID US",4/20/2019,20,4,2019,57,61,50
USW00024149,"LEWISTON NEZ PERCE CO AIRPORT, ID US",4/21/2019,21,4,2019,56,67,45
USW00024149,"LEWISTON NEZ PERCE CO AIRPORT, ID US",4/22/2019,22,4,2019,56,72,40
USW00024149,"LEWISTON NEZ PERCE CO AIRPORT, ID US",4/23/2019,23,4,2019,62,72,54
USW00024149,"LEWISTON NEZ PERCE CO AIRPORT, ID US",4/24/2019,24,4,2019,61,66,45
USW00024149,"LEWISTON NEZ PERCE CO AIRPORT, ID US",4/25/2019,25,4,2019,54,71,39
USW00024149,"LEWISTON NEZ PERCE CO AIRPORT, ID US",4/26/2019,26,4,2019,56,68,50
USW00024149,"LEWISTON NEZ PERCE CO AIRPORT, ID US",4/27/2019,27,4,2019,54,59,41
USW00024149,"LEWISTON NEZ PERCE CO AIRPORT, ID US",4/28/2019,28,4,2019,47,56,39
USW00024149,"LEWISTON NEZ PERCE CO AIRPORT, ID US",4/29/2019,29,4,2019,46,61,31
USW00024149,"LEWISTON NEZ PERCE CO AIRPORT, ID US",4/30/2019,30,4,2019,49,63,33
USW00024149,"LEWISTON NEZ PERCE CO AIRPORT, ID US",5/1/2019,1,5,2019,51,66,38
USW00024149,"LEWISTON NEZ PERCE CO AIRPORT, ID US",5/2/2019,2,5,2019,54,65,42
USW00024149,"LEWISTON NEZ PERCE CO AIRPORT, ID US",5/3/2019,3,5,2019,54,71,39
USW00024149,"LEWISTON NEZ PERCE CO AIRPORT, ID US",5/4/2019,4,5,2019,59,76,43
USW00024149,"LEWISTON NEZ PERCE CO AIRPORT, ID US",5/5/2019,5,5,2019,63,77,49
USW00024149,"LEWISTON NEZ PERCE CO AIRPORT, ID US",5/6/2019,6,5,2019,64,79,47
USW00024149,"LEWISTON NEZ PERCE CO AIRPORT, ID US",5/7/2019,7,5,2019,65,79,49
USW00024149,"LEWISTON NEZ PERCE CO AIRPORT, ID US",5/8/2019,8,5,2019,64,76,48
USW00024149,"LEWISTON NEZ PERCE CO AIRPORT, ID US",5/9/2019,9,5,2019,64,76,48
USW00024149,"LEWISTON NEZ PERCE CO AIRPORT, ID US",5/10/2019,10,5,2019,63,82,48
USW00024149,"LEWISTON NEZ PERCE CO AIRPORT, ID US",5/11/2019,11,5,2019,68,87,51
USW00024149,"LEWISTON NEZ PERCE CO AIRPORT, ID US",5/12/2019,12,5,2019,71,87,53
USW00024149,"LEWISTON NEZ PERCE CO AIRPORT, ID US",5/13/2019,13,5,2019,69,81,52
USW00024149,"LEWISTON NEZ PERCE CO AIRPORT, ID US",5/14/2019,14,5,2019,67,81,50
USW00024149,"LEWISTON NEZ PERCE CO AIRPORT, ID US",5/15/2019,15,5,2019,61,,
